name,suk_objective,suk_args,fuk_objective,fuk_args,iterations,batch_size,weight,annotation,suk_bad_weights,suk_threshold,suk_good,suk_bad,suk_missed,suk_n_patterns,suk_trie_nodes,suk_score,fuk_bad_weights,fuk_threshold,fuk_good,fuk_bad,fuk_missed,fuk_n_patterns,fuk_trie_nodes,fuk_score,cv_f17,cv_trie_nodes
f17_trie_annotation_comparision_claude,f17_trie,--trie-weight 0.00085 --trie-normalizer 15714,f17_trie,--trie-weight 0.05 --trie-normalizer 3526648 --export-iteration,10,25,1,claude_new_prompt,"[11, 29, 30, 1]",1,40077,2,127,2984,4812,0.9996,"[13, 30, 3, 1]",1,13153841,23,1851,13144,23666,0.9997,0.964,22588.8
f17_trie_annotation_comparision_human_1,f17_trie,--trie-weight 0.00085 --trie-normalizer 15714,f17_trie,--trie-weight 0.05 --trie-normalizer 3526648,10,25,1,human_1,"[18, 1, 25, 29]",1,39866,3,134,3564,5552,0.9996,"[4, 2, 5, 1]",1,13107459,20,7412,14110,24279,0.9996,0.9403,23172.1
f17_trie_annotation_comparision_human_2,f17_trie,--trie-weight 0.00085 --trie-normalizer 15714,f17_trie,--trie-weight 0.05 --trie-normalizer 3526648,10,25,1,human_2,"[14, 11, 24, 1]",1,39843,2,129,3191,5083,0.9996,"[13, 26, 3, 3]",1,13029667,10,1554,13944,24366,0.9997,0.964,23246.5
f17_trie_weight_2_comparision,f17_trie,--trie-weight 0.00085 --trie-normalizer 15714,f17_trie,--trie-weight 0.05 --trie-normalizer 3526648,10,25,2,claude_new_prompt,"[19, 6, 26, 1]",1,38164,2,264,8651,11582,0.9992,"[8, 1, 10, 4]",1,12155686,93,2537,21439,33615,0.9995,0.9588,32553.4
f17_trie_weight_9_comparision,f17_trie,--trie-weight 0.00085 --trie-normalizer 15714,f17_trie,--trie-weight 0.05 --trie-normalizer 3526648,10,25,9,claude_new_prompt,"[9, 2, 30, 7]",1,38161,0,267,9659,12220,0.9992,"[30, 22, 20, 1]",1,11811934,247,3283,21165,32764,0.9995,0.9543,31692.2
f17_trie_to_f17_cv_weight_1,f17_trie,--trie-weight 0.00085 --trie-normalizer 15714,f17_cv,--n-fold 10,10,25,1,claude_new_prompt,"[11, 29, 30, 1]",1,40077,2,127,2984,4812,0.9996,"[13, 24, 29, 12]",1,,,,0,23215,0.9641,0.9641,23215.3
f17_trie_to_f17_cv_weight_2,f17_trie,--trie-weight 0.00085 --trie-normalizer 15714,f17_cv,--n-fold 10,10,25,2,claude_new_prompt,"[19, 6, 26, 1]",1,38164,2,264,8651,11582,0.9992,"[30, 11, 7, 3]",5,,,,0,33904,0.9678,0.9678,33904.9
f17_cv_weight_2_increase_range,f17_trie,--trie-weight 0.00085 --trie-normalizer 15714,f17_cv,--n-fold 10 --profile profiles/ukr_larger_ranges.in,10,25,2,claude_new_prompt,"[19, 6, 26, 1]",1,38164,2,264,8651,11582,0.9992,"[29, 3, 4, 7]",5,,,,0,40434,0.9675,0.9676,30436.0
f17_cv_weight_2_larger_threshold,f17_trie,--trie-weight 0.00085 --trie-normalizer 15714,f17_cv,--n-fold 10 --max-threshold 50,10,25,2,claude_new_prompt,"[19, 6, 26, 1]",1,38164,2,264,8651,11582,0.9992,"[29, 1, 23, 5]",44,,,,0,19403,0.9702,0.9702,19403.5
